title,price
Кепка тактична з липучкою піксель BEB,300
Чорна чоловіча кепка палм енджелс для чоловіка кепка унісекс PA - black,829
Чоловіча котонова кепка патріотична жіноча бейсболка з вишитим тризубом 6 кольорів,589
Чоловіча котонова кепка патріотична жіноча бейсболка з вишитим тризубом 6 кольорів,599
Кепка нью йорк чоловіка чорна кепка унісекс кашкет жіночий Ynk - black,839
Бейсболка кепка з окулярами Авіатор Aviator Hand Made 56-58 см. читайте опис,359
Бейсболка тактична із сіткою та липучкою під патч SP-Sport TY-0362 Чорний ht,214
Бейсболка тактична із сіткою та липучкою під патч SP-Sport TY-0362 Оливковий ht,214
Бейсболка тактична із сіткою та липучкою під патч SP-Sport TY-0362 Камуфляж ht,214
Бейсболка тактична із сіткою та липучкою під патч SP-Sport TY-0362 Камуфляж Woodland ht,214
Бейсболка тактична THE PISTOL SP-Sport TY-0364 Чорний ht,214
Жіночий солом'яний мінірюкзак,519
Бейсболка тактична із сіткою та липучкою під патч SP-Sport TY-0362 Чорний ld,210
Бейсболка тактична із сіткою та липучкою під патч SP-Sport TY-0362 Оливковий ld,210
Бейсболка тактична із сіткою та липучкою під патч SP-Sport TY-0362 Камуфляж ld,210
Бейсболка тактична із сіткою та липучкою під патч SP-Sport TY-0362 Камуфляж Woodland ld,210
Бейсболка тактична THE PISTOL SP-Sport TY-0364 Чорний ld,210
"Кепка бейсболка Oscar з логотипом NASA, колір чорний із сіткою",559
Кепка Memos LA Лос-Анджелес з вигнутим козирком унісекс чорна,505
Кепка Memos Kelly жіноча світло рожева,492
Кепка Memos Ericson жіноча рожева RESPECT One sizе,492
